symbol,name,sector,industry,industry_etf,industry_etf_name,industry_score,sector_etf,sector_etf_name,sector_score,etf_symbol_primary,etf_symbol_secondary
A,"Agilent Technologies, Inc.",Healthcare,Diagnostics & Research,,,0.0,XLV,Health Care Select Sector SPDR Fund,1.0,XLV,
AA,Alcoa Corporation,Basic Materials,Aluminum,,,0.0,XLB,Materials Select Sector SPDR Fund,0.5,XLB,
AAL,American Airlines Group Inc.,Industrials,Airlines,JETS,U.S. Global Jets ETF,0.3333333333333333,XLI,Industrial Select Sector SPDR Fund,1.0,JETS,XLI
AAMI,Acadian Asset Management Inc.,Financial Services,Asset Management,,,0.0,XLF,Financial Select Sector SPDR Fund,1.0,XLF,
AAOI,"Applied Optoelectronics, Inc.",Technology,Communication Equipment,XLC,Communication Services Select Sector SPDR Fund,0.5,XLK,Technology Select Sector SPDR Fund,1.0,XLC,XLK
AAON,"AAON, Inc.",Industrials,Building Products & Equipment,,,0.0,XLI,Industrial Select Sector SPDR Fund,1.0,XLI,
AAP,"Advance Auto Parts, Inc.",Consumer Cyclical,Auto Parts,,,0.0,RSPD,Invesco S&P 500 Equal Weight Consumer Discretionary ETF,0.5,RSPD,
AAPL,Apple Inc.,Technology,Consumer Electronics,XLP,Consumer Staples Select Sector SPDR Fund,0.3333333333333333,XLK,Technology Select Sector SPDR Fund,1.0,XLP,XLK
AAT,"American Assets Trust, Inc.",Real Estate,REIT - Diversified,,,0.0,XLRE,Real Estate Select Sector SPDR Fund,1.0,XLRE,
AB,AllianceBernstein Holding L.P.,Financial Services,Asset Management,,,0.0,XLF,Financial Select Sector SPDR Fund,1.0,XLF,
ABBV,AbbVie Inc.,Healthcare,Drug Manufacturers - General,,,0.0,XLV,Health Care Select Sector SPDR Fund,1.0,XLV,
ABCB,Ameris Bancorp,Financial Services,Banks - Regional,KBWB,Invesco KBW Bank ETF,0.3333333333333333,XLF,Financial Select Sector SPDR Fund,1.0,KBWB,XLF
ABCL,AbCellera Biologics Inc.,Healthcare,Biotechnology,IBB,iShares Biotechnology ETF,1.0,XLV,Health Care Select Sector SPDR Fund,1.0,IBB,XLV
ABEV,Ambev S.A.,Consumer Defensive,Beverages - Brewers,,,0.0,XLP,Consumer Staples Select Sector SPDR Fund,1.0,XLP,
ABG,"Asbury Automotive Group, Inc.",Consumer Cyclical,Auto & Truck Dealerships,,,0.0,RSPD,Invesco S&P 500 Equal Weight Consumer Discretionary ETF,0.5,RSPD,
ABM,ABM Industries Incorporated,Industrials,Specialty Business Services,,,0.0,XLI,Industrial Select Sector SPDR Fund,1.0,XLI,
ABNB,"Airbnb, Inc.",Consumer Cyclical,Travel Services,,,0.0,RSPD,Invesco S&P 500 Equal Weight Consumer Discretionary ETF,0.5,RSPD,
ABR,"Arbor Realty Trust, Inc.",Real Estate,REIT - Mortgage,,,0.0,XLRE,Real Estate Select Sector SPDR Fund,1.0,XLRE,
ABT,Abbott Laboratories,Healthcare,Medical Devices,,,0.0,XLV,Health Care Select Sector SPDR Fund,1.0,XLV,
ABTC,American Bitcoin Corp,Financial Services,Capital Markets,KCE,SPDR S&P Capital Markets ETF,0.5,XLF,Financial Select Sector SPDR Fund,1.0,KCE,XLF
ABVX,ABIVAX Société Anonyme,Healthcare,Biotechnology,IBB,iShares Biotechnology ETF,1.0,XLV,Health Care Select Sector SPDR Fund,1.0,IBB,XLV
ACA,"Arcosa, Inc.",Industrials,Engineering & Construction,ITB,iShares U.S. Home Construction ETF,0.2,XLI,Industrial Select Sector SPDR Fund,1.0,ITB,XLI
ACAD,ACADIA Pharmaceuticals Inc.,Healthcare,Biotechnology,IBB,iShares Biotechnology ETF,1.0,XLV,Health Care Select Sector SPDR Fund,1.0,IBB,XLV
ACGL,Arch Capital Group Ltd.,Financial Services,Insurance - Diversified,KIE,SPDR S&P Insurance ETF,0.3333333333333333,XLF,Financial Select Sector SPDR Fund,1.0,KIE,XLF
ACHC,"Acadia Healthcare Company, Inc.",Healthcare,Medical Care Facilities,,,0.0,XLV,Health Care Select Sector SPDR Fund,1.0,XLV,
ACHR,Archer Aviation Inc.,Industrials,Aerospace & Defense,ITA,iShares U.S. Aerospace & Defense ETF,0.5,XLI,Industrial Select Sector SPDR Fund,1.0,ITA,XLI
ACI,"Albertsons Companies, Inc.",Consumer Defensive,Grocery Stores,,,0.0,XLP,Consumer Staples Select Sector SPDR Fund,1.0,XLP,
ACIW,"ACI Worldwide, Inc.",Technology,Software - Infrastructure,IGV,iShares Expanded Tech-Software Sector ETF,0.3333333333333333,XLK,Technology Select Sector SPDR Fund,1.0,IGV,XLK
ACLS,"Axcelis Technologies, Inc.",Technology,Semiconductor Equipment & Materials,SMH,VanEck Semiconductor ETF,0.3333333333333333,XLK,Technology Select Sector SPDR Fund,1.0,SMH,XLK
ACLX,"Arcellx, Inc.",Healthcare,Biotechnology,IBB,iShares Biotechnology ETF,1.0,XLV,Health Care Select Sector SPDR Fund,1.0,IBB,XLV
ACM,AECOM,Industrials,Engineering & Construction,ITB,iShares U.S. Home Construction ETF,0.2,XLI,Industrial Select Sector SPDR Fund,1.0,ITB,XLI
ACMR,"ACM Research, Inc.",Technology,Semiconductor Equipment & Materials,SMH,VanEck Semiconductor ETF,0.3333333333333333,XLK,Technology Select Sector SPDR Fund,1.0,SMH,XLK
ACN,Accenture plc,Technology,Information Technology Services,XLK,Technology Select Sector SPDR Fund,0.5,XLK,Technology Select Sector SPDR Fund,1.0,XLK,
ACT,"Enact Holdings, Inc.",Financial Services,Insurance - Specialty,KIE,SPDR S&P Insurance ETF,0.25,XLF,Financial Select Sector SPDR Fund,1.0,KIE,XLF
ACVA,ACV Auctions Inc.,Consumer Cyclical,Auto & Truck Dealerships,,,0.0,RSPD,Invesco S&P 500 Equal Weight Consumer Discretionary ETF,0.5,RSPD,
AD,"Array Digital Infrastructure, Inc.",Communication Services,Telecom Services,,,0.0,XLC,Communication Services Select Sector SPDR Fund,1.0,XLC,
ADBE,Adobe Inc.,Technology,Software - Application,IGV,iShares Expanded Tech-Software Sector ETF,0.3333333333333333,XLK,Technology Select Sector SPDR Fund,1.0,IGV,XLK
ADC,Agree Realty Corporation,Real Estate,REIT - Retail,XRT,SPDR S&P Retail ETF,0.25,XLRE,Real Estate Select Sector SPDR Fund,1.0,XRT,XLRE
ADEA,Adeia Inc.,Technology,Software - Application,IGV,iShares Expanded Tech-Software Sector ETF,0.3333333333333333,XLK,Technology Select Sector SPDR Fund,1.0,IGV,XLK
ADI,"Analog Devices, Inc.",Technology,Semiconductors,SMH,VanEck Semiconductor ETF,1.0,XLK,Technology Select Sector SPDR Fund,1.0,SMH,XLK
ADM,Archer-Daniels-Midland Company,Consumer Defensive,Farm Products,,,0.0,XLP,Consumer Staples Select Sector SPDR Fund,1.0,XLP,
ADMA,"ADMA Biologics, Inc.",Healthcare,Biotechnology,IBB,iShares Biotechnology ETF,1.0,XLV,Health Care Select Sector SPDR Fund,1.0,IBB,XLV
ADNT,Adient plc,Consumer Cyclical,Auto Parts,,,0.0,RSPD,Invesco S&P 500 Equal Weight Consumer Discretionary ETF,0.5,RSPD,
ADP,"Automatic Data Processing, Inc.",Technology,Software - Application,IGV,iShares Expanded Tech-Software Sector ETF,0.3333333333333333,XLK,Technology Select Sector SPDR Fund,1.0,IGV,XLK
ADPT,Adaptive Biotechnologies Corporation,Healthcare,Biotechnology,IBB,iShares Biotechnology ETF,1.0,XLV,Health Care Select Sector SPDR Fund,1.0,IBB,XLV
ADSK,"Autodesk, Inc.",Technology,Software - Application,IGV,iShares Expanded Tech-Software Sector ETF,0.3333333333333333,XLK,Technology Select Sector SPDR Fund,1.0,IGV,XLK
ADT,ADT Inc.,Industrials,Security & Protection Services,,,0.0,XLI,Industrial Select Sector SPDR Fund,1.0,XLI,
ADUS,Addus HomeCare Corporation,Healthcare,Medical Care Facilities,,,0.0,XLV,Health Care Select Sector SPDR Fund,1.0,XLV,
AEBI,Aebi Schmidt Holding AG,Industrials,Farm & Heavy Construction Machinery,ITB,iShares U.S. Home Construction ETF,0.14285714285714285,XLI,Industrial Select Sector SPDR Fund,1.0,XLI,
AEE,Ameren Corporation,Utilities,Utilities - Regulated Electric,XLU,Utilities Select Sector SPDR Fund,0.3333333333333333,XLU,Utilities Select Sector SPDR Fund,1.0,XLU,
AEG,Aegon Ltd.,Financial Services,Insurance - Diversified,KIE,SPDR S&P Insurance ETF,0.3333333333333333,XLF,Financial Select Sector SPDR Fund,1.0,KIE,XLF
AEIS,"Advanced Energy Industries, Inc.",Industrials,Electrical Equipment & Parts,,,0.0,XLI,Industrial Select Sector SPDR Fund,1.0,XLI,
AEM,Agnico Eagle Mines Limited,Basic Materials,Gold,GLD,SPDR Gold Shares,0.5,XLB,Materials Select Sector SPDR Fund,0.5,GLD,XLB
AEO,"American Eagle Outfitters, Inc.",Consumer Cyclical,Apparel Retail,XRT,SPDR S&P Retail ETF,0.25,RSPD,Invesco S&P 500 Equal Weight Consumer Discretionary ETF,0.5,XRT,RSPD
AEP,"American Electric Power Company, Inc.",Utilities,Utilities - Regulated Electric,XLU,Utilities Select Sector SPDR Fund,0.3333333333333333,XLU,Utilities Select Sector SPDR Fund,1.0,XLU,
AER,AerCap Holdings N.V.,Industrials,Rental & Leasing Services,,,0.0,XLI,Industrial Select Sector SPDR Fund,1.0,XLI,
AES,The AES Corporation,Utilities,Utilities - Diversified,XLU,Utilities Select Sector SPDR Fund,1.0,XLU,Utilities Select Sector SPDR Fund,1.0,XLU,
AESI,Atlas Energy Solutions Inc.,Energy,Oil & Gas Equipment & Services,XOP,SPDR S&P Oil & Gas Exploration & Production ETF,0.2857142857142857,XLE,Energy Select Sector SPDR Fund,1.0,XOP,XLE
AFG,"American Financial Group, Inc.",Financial Services,Insurance - Property & Casualty,KIE,SPDR S&P Insurance ETF,0.2,XLF,Financial Select Sector SPDR Fund,1.0,KIE,XLF
AFL,Aflac Incorporated,Financial Services,Insurance - Life,KIE,SPDR S&P Insurance ETF,0.25,XLF,Financial Select Sector SPDR Fund,1.0,KIE,XLF
AFRM,"Affirm Holdings, Inc.",Technology,Software - Infrastructure,IGV,iShares Expanded Tech-Software Sector ETF,0.3333333333333333,XLK,Technology Select Sector SPDR Fund,1.0,IGV,XLK
AFYA,Afya Limited,Consumer Defensive,Education & Training Services,,,0.0,XLP,Consumer Staples Select Sector SPDR Fund,1.0,XLP,
AG,First Majestic Silver Corp.,Basic Materials,Silver,,,0.0,XLB,Materials Select Sector SPDR Fund,0.5,XLB,
AGCO,AGCO Corporation,Industrials,Farm & Heavy Construction Machinery,ITB,iShares U.S. Home Construction ETF,0.14285714285714285,XLI,Industrial Select Sector SPDR Fund,1.0,XLI,
AGI,Alamos Gold Inc.,Basic Materials,Gold,GLD,SPDR Gold Shares,0.5,XLB,Materials Select Sector SPDR Fund,0.5,GLD,XLB
AGIO,"Agios Pharmaceuticals, Inc.",Healthcare,Biotechnology,IBB,iShares Biotechnology ETF,1.0,XLV,Health Care Select Sector SPDR Fund,1.0,IBB,XLV
AGM,Federal Agricultural Mortgage Corporation,Financial Services,Credit Services,,,0.0,XLF,Financial Select Sector SPDR Fund,1.0,XLF,
AGNC,AGNC Investment Corp.,Real Estate,REIT - Mortgage,,,0.0,XLRE,Real Estate Select Sector SPDR Fund,1.0,XLRE,
AGO,Assured Guaranty Ltd.,Financial Services,Insurance - Specialty,KIE,SPDR S&P Insurance ETF,0.25,XLF,Financial Select Sector SPDR Fund,1.0,KIE,XLF
AGX,"Argan, Inc.",Industrials,Engineering & Construction,ITB,iShares U.S. Home Construction ETF,0.2,XLI,Industrial Select Sector SPDR Fund,1.0,ITB,XLI
AGYS,"Agilysys, Inc.",Technology,Software - Application,IGV,iShares Expanded Tech-Software Sector ETF,0.3333333333333333,XLK,Technology Select Sector SPDR Fund,1.0,IGV,XLK
AHCO,AdaptHealth Corp.,Healthcare,Medical Devices,,,0.0,XLV,Health Care Select Sector SPDR Fund,1.0,XLV,
AHR,"American Healthcare REIT, Inc.",Real Estate,REIT - Healthcare Facilities,XLV,Health Care Select Sector SPDR Fund,0.3333333333333333,XLRE,Real Estate Select Sector SPDR Fund,1.0,XLV,XLRE
AI,"C3.ai, Inc.",Technology,Software - Infrastructure,IGV,iShares Expanded Tech-Software Sector ETF,0.3333333333333333,XLK,Technology Select Sector SPDR Fund,1.0,IGV,XLK
AIG,"American International Group, Inc.",Financial Services,Insurance - Diversified,KIE,SPDR S&P Insurance ETF,0.3333333333333333,XLF,Financial Select Sector SPDR Fund,1.0,KIE,XLF
AIN,Albany International Corp.,Consumer Cyclical,Textile Manufacturing,,,0.0,RSPD,Invesco S&P 500 Equal Weight Consumer Discretionary ETF,0.5,RSPD,
AIR,AAR Corp.,Industrials,Aerospace & Defense,ITA,iShares U.S. Aerospace & Defense ETF,0.5,XLI,Industrial Select Sector SPDR Fund,1.0,ITA,XLI
AIT,"Applied Industrial Technologies, Inc.",Industrials,Industrial Distribution,XLI,Industrial Select Sector SPDR Fund,0.5,XLI,Industrial Select Sector SPDR Fund,1.0,XLI,
AIZ,"Assurant, Inc.",Financial Services,Insurance - Property & Casualty,KIE,SPDR S&P Insurance ETF,0.2,XLF,Financial Select Sector SPDR Fund,1.0,KIE,XLF
AJG,Arthur J. Gallagher & Co.,Financial Services,Insurance Brokers,KIE,SPDR S&P Insurance ETF,0.25,XLF,Financial Select Sector SPDR Fund,1.0,KIE,XLF
AKAM,"Akamai Technologies, Inc.",Technology,Software - Infrastructure,IGV,iShares Expanded Tech-Software Sector ETF,0.3333333333333333,XLK,Technology Select Sector SPDR Fund,1.0,IGV,XLK
AKR,Acadia Realty Trust,Real Estate,REIT - Retail,XRT,SPDR S&P Retail ETF,0.25,XLRE,Real Estate Select Sector SPDR Fund,1.0,XRT,XLRE
AKRO,"Akero Therapeutics, Inc.",Healthcare,Biotechnology,IBB,iShares Biotechnology ETF,1.0,XLV,Health Care Select Sector SPDR Fund,1.0,IBB,XLV
AL,Air Lease Corporation,Industrials,Rental & Leasing Services,,,0.0,XLI,Industrial Select Sector SPDR Fund,1.0,XLI,
ALAB,"Astera Labs, Inc.",Technology,Semiconductors,SMH,VanEck Semiconductor ETF,1.0,XLK,Technology Select Sector SPDR Fund,1.0,SMH,XLK
ALB,Albemarle Corporation,Basic Materials,Specialty Chemicals,,,0.0,XLB,Materials Select Sector SPDR Fund,0.5,XLB,
ALC,Alcon Inc.,Healthcare,Medical Instruments & Supplies,,,0.0,XLV,Health Care Select Sector SPDR Fund,1.0,XLV,
ALE,"ALLETE, Inc.",Utilities,Utilities - Diversified,XLU,Utilities Select Sector SPDR Fund,1.0,XLU,Utilities Select Sector SPDR Fund,1.0,XLU,
ALEX,"Alexander & Baldwin, Inc.",Real Estate,REIT - Retail,XRT,SPDR S&P Retail ETF,0.25,XLRE,Real Estate Select Sector SPDR Fund,1.0,XRT,XLRE
ALG,Alamo Group Inc.,Industrials,Farm & Heavy Construction Machinery,ITB,iShares U.S. Home Construction ETF,0.14285714285714285,XLI,Industrial Select Sector SPDR Fund,1.0,XLI,
ALGM,"Allegro MicroSystems, Inc.",Technology,Semiconductors,SMH,VanEck Semiconductor ETF,1.0,XLK,Technology Select Sector SPDR Fund,1.0,SMH,XLK
ALGN,"Align Technology, Inc.",Healthcare,Medical Instruments & Supplies,,,0.0,XLV,Health Care Select Sector SPDR Fund,1.0,XLV,
ALGT,Allegiant Travel Company,Industrials,Airlines,JETS,U.S. Global Jets ETF,0.3333333333333333,XLI,Industrial Select Sector SPDR Fund,1.0,JETS,XLI
ALHC,"Alignment Healthcare, Inc.",Healthcare,Healthcare Plans,XLV,Health Care Select Sector SPDR Fund,0.5,XLV,Health Care Select Sector SPDR Fund,1.0,XLV,
ALIT,"Alight, Inc.",Technology,Software - Application,IGV,iShares Expanded Tech-Software Sector ETF,0.3333333333333333,XLK,Technology Select Sector SPDR Fund,1.0,IGV,XLK
ALK,"Alaska Air Group, Inc.",Industrials,Airlines,JETS,U.S. Global Jets ETF,0.3333333333333333,XLI,Industrial Select Sector SPDR Fund,1.0,JETS,XLI
ALKS,Alkermes plc,Healthcare,Drug Manufacturers - Specialty & Generic,,,0.0,XLV,Health Care Select Sector SPDR Fund,1.0,XLV,
ALKT,"Alkami Technology, Inc.",Technology,Software - Application,IGV,iShares Expanded Tech-Software Sector ETF,0.3333333333333333,XLK,Technology Select Sector SPDR Fund,1.0,IGV,XLK
ALL,The Allstate Corporation,Financial Services,Insurance - Property & Casualty,KIE,SPDR S&P Insurance ETF,0.2,XLF,Financial Select Sector SPDR Fund,1.0,KIE,XLF
ALLE,Allegion plc,Industrials,Security & Protection Services,,,0.0,XLI,Industrial Select Sector SPDR Fund,1.0,XLI,
ALLY,Ally Financial Inc.,Financial Services,Credit Services,,,0.0,XLF,Financial Select Sector SPDR Fund,1.0,XLF,
ALMS,Alumis Inc.,Healthcare,Biotechnology,IBB,iShares Biotechnology ETF,1.0,XLV,Health Care Select Sector SPDR Fund,1.0,IBB,XLV
ALNY,"Alnylam Pharmaceuticals, Inc.",Healthcare,Biotechnology,IBB,iShares Biotechnology ETF,1.0,XLV,Health Care Select Sector SPDR Fund,1.0,IBB,XLV
ALRM,"Alarm.com Holdings, Inc.",Technology,Software - Application,IGV,iShares Expanded Tech-Software Sector ETF,0.3333333333333333,XLK,Technology Select Sector SPDR Fund,1.0,IGV,XLK
ALSN,"Allison Transmission Holdings, Inc.",Consumer Cyclical,Auto Parts,,,0.0,RSPD,Invesco S&P 500 Equal Weight Consumer Discretionary ETF,0.5,RSPD,
ALV,"Autoliv, Inc.",Consumer Cyclical,Auto Parts,,,0.0,RSPD,Invesco S&P 500 Equal Weight Consumer Discretionary ETF,0.5,RSPD,
AM,Antero Midstream Corporation,Energy,Oil & Gas Midstream,XOP,SPDR S&P Oil & Gas Exploration & Production ETF,0.2857142857142857,XLE,Energy Select Sector SPDR Fund,1.0,XOP,XLE
AMAT,"Applied Materials, Inc.",Technology,Semiconductor Equipment & Materials,SMH,VanEck Semiconductor ETF,0.3333333333333333,XLK,Technology Select Sector SPDR Fund,1.0,SMH,XLK
AMBA,"Ambarella, Inc.",Technology,Semiconductor Equipment & Materials,SMH,VanEck Semiconductor ETF,0.3333333333333333,XLK,Technology Select Sector SPDR Fund,1.0,SMH,XLK
AMBP,Ardagh Metal Packaging S.A.,Consumer Cyclical,Packaging & Containers,,,0.0,RSPD,Invesco S&P 500 Equal Weight Consumer Discretionary ETF,0.5,RSPD,
AMC,"AMC Entertainment Holdings, Inc.",Communication Services,Entertainment,PEJ,Invesco Dynamic Leisure & Entertainment ETF,0.3333333333333333,XLC,Communication Services Select Sector SPDR Fund,1.0,PEJ,XLC
AMCR,Amcor plc,Consumer Cyclical,Packaging & Containers,,,0.0,RSPD,Invesco S&P 500 Equal Weight Consumer Discretionary ETF,0.5,RSPD,
AMD,"Advanced Micro Devices, Inc.",Technology,Semiconductors,SMH,VanEck Semiconductor ETF,1.0,XLK,Technology Select Sector SPDR Fund,1.0,SMH,XLK
AME,"AMETEK, Inc.",Industrials,Specialty Industrial Machinery,XLI,Industrial Select Sector SPDR Fund,0.3333333333333333,XLI,Industrial Select Sector SPDR Fund,1.0,XLI,
AMG,"Affiliated Managers Group, Inc.",Financial Services,Asset Management,,,0.0,XLF,Financial Select Sector SPDR Fund,1.0,XLF,
AMGN,Amgen Inc.,Healthcare,Drug Manufacturers - General,,,0.0,XLV,Health Care Select Sector SPDR Fund,1.0,XLV,
AMH,American Homes 4 Rent,Real Estate,REIT - Residential,,,0.0,XLRE,Real Estate Select Sector SPDR Fund,1.0,XLRE,
AMKR,"Amkor Technology, Inc.",Technology,Semiconductor Equipment & Materials,SMH,VanEck Semiconductor ETF,0.3333333333333333,XLK,Technology Select Sector SPDR Fund,1.0,SMH,XLK
AMLX,"Amylyx Pharmaceuticals, Inc.",Healthcare,Biotechnology,IBB,iShares Biotechnology ETF,1.0,XLV,Health Care Select Sector SPDR Fund,1.0,IBB,XLV
AMP,"Ameriprise Financial, Inc.",Financial Services,Asset Management,,,0.0,XLF,Financial Select Sector SPDR Fund,1.0,XLF,
AMPH,"Amphastar Pharmaceuticals, Inc.",Healthcare,Drug Manufacturers - Specialty & Generic,,,0.0,XLV,Health Care Select Sector SPDR Fund,1.0,XLV,
AMPL,"Amplitude, Inc.",Technology,Software - Application,IGV,iShares Expanded Tech-Software Sector ETF,0.3333333333333333,XLK,Technology Select Sector SPDR Fund,1.0,IGV,XLK
AMPX,"Amprius Technologies, Inc.",Industrials,Electrical Equipment & Parts,,,0.0,XLI,Industrial Select Sector SPDR Fund,1.0,XLI,
AMR,"Alpha Metallurgical Resources, Inc.",Basic Materials,Coking Coal,,,0.0,XLB,Materials Select Sector SPDR Fund,0.5,XLB,
AMRC,"Ameresco, Inc.",Industrials,Engineering & Construction,ITB,iShares U.S. Home Construction ETF,0.2,XLI,Industrial Select Sector SPDR Fund,1.0,ITB,XLI
AMRX,"Amneal Pharmaceuticals, Inc.",Healthcare,Drug Manufacturers - Specialty & Generic,,,0.0,XLV,Health Care Select Sector SPDR Fund,1.0,XLV,
AMRZ,Amrize Ltd,Basic Materials,Building Materials,XLB,Materials Select Sector SPDR Fund,0.5,XLB,Materials Select Sector SPDR Fund,0.5,XLB,
AMSC,American Superconductor Corporation,Industrials,Specialty Industrial Machinery,XLI,Industrial Select Sector SPDR Fund,0.3333333333333333,XLI,Industrial Select Sector SPDR Fund,1.0,XLI,
AMT,American Tower Corporation,Real Estate,REIT - Specialty,,,0.0,XLRE,Real Estate Select Sector SPDR Fund,1.0,XLRE,
AMTM,"Amentum Holdings, Inc.",Industrials,Specialty Business Services,,,0.0,XLI,Industrial Select Sector SPDR Fund,1.0,XLI,
AMX,"América Móvil, S.A.B. de C.V.",Communication Services,Telecom Services,,,0.0,XLC,Communication Services Select Sector SPDR Fund,1.0,XLC,
AMZN,"Amazon.com, Inc.",Consumer Cyclical,Internet Retail,XRT,SPDR S&P Retail ETF,0.25,RSPD,Invesco S&P 500 Equal Weight Consumer Discretionary ETF,0.5,XRT,RSPD
AN,"AutoNation, Inc.",Consumer Cyclical,Auto & Truck Dealerships,,,0.0,RSPD,Invesco S&P 500 Equal Weight Consumer Discretionary ETF,0.5,RSPD,
ANAB,"AnaptysBio, Inc.",Healthcare,Biotechnology,IBB,iShares Biotechnology ETF,1.0,XLV,Health Care Select Sector SPDR Fund,1.0,IBB,XLV
ANDE,"The Andersons, Inc.",Consumer Defensive,Food Distribution,,,0.0,XLP,Consumer Staples Select Sector SPDR Fund,1.0,XLP,
ANET,"Arista Networks, Inc.",Technology,Computer Hardware,,,0.0,XLK,Technology Select Sector SPDR Fund,1.0,XLK,
ANF,Abercrombie & Fitch Co.,Consumer Cyclical,Apparel Retail,XRT,SPDR S&P Retail ETF,0.25,RSPD,Invesco S&P 500 Equal Weight Consumer Discretionary ETF,0.5,XRT,RSPD
ANIP,"ANI Pharmaceuticals, Inc.",Healthcare,Drug Manufacturers - Specialty & Generic,,,0.0,XLV,Health Care Select Sector SPDR Fund,1.0,XLV,
AON,Aon plc,Financial Services,Insurance Brokers,KIE,SPDR S&P Insurance ETF,0.25,XLF,Financial Select Sector SPDR Fund,1.0,KIE,XLF
AORT,"Artivion, Inc.",Healthcare,Medical Devices,,,0.0,XLV,Health Care Select Sector SPDR Fund,1.0,XLV,
AOS,A. O. Smith Corporation,Industrials,Specialty Industrial Machinery,XLI,Industrial Select Sector SPDR Fund,0.3333333333333333,XLI,Industrial Select Sector SPDR Fund,1.0,XLI,
APA,APA Corporation,Energy,Oil & Gas E&P,XOP,SPDR S&P Oil & Gas Exploration & Production ETF,0.42857142857142855,XLE,Energy Select Sector SPDR Fund,1.0,XOP,XLE
APAM,Artisan Partners Asset Management Inc.,Financial Services,Asset Management,,,0.0,XLF,Financial Select Sector SPDR Fund,1.0,XLF,
APD,"Air Products and Chemicals, Inc.",Basic Materials,Specialty Chemicals,,,0.0,XLB,Materials Select Sector SPDR Fund,0.5,XLB,
APG,APi Group Corporation,Industrials,Engineering & Construction,ITB,iShares U.S. Home Construction ETF,0.2,XLI,Industrial Select Sector SPDR Fund,1.0,ITB,XLI
APGE,"Apogee Therapeutics, Inc.",Healthcare,Biotechnology,IBB,iShares Biotechnology ETF,1.0,XLV,Health Care Select Sector SPDR Fund,1.0,IBB,XLV
APH,Amphenol Corporation,Technology,Electronic Components,,,0.0,XLK,Technology Select Sector SPDR Fund,1.0,XLK,
APLD,Applied Digital Corporation,Technology,Information Technology Services,XLK,Technology Select Sector SPDR Fund,0.5,XLK,Technology Select Sector SPDR Fund,1.0,XLK,
APLE,"Apple Hospitality REIT, Inc.",Real Estate,REIT - Hotel & Motel,,,0.0,XLRE,Real Estate Select Sector SPDR Fund,1.0,XLRE,
APLS,"Apellis Pharmaceuticals, Inc.",Healthcare,Biotechnology,IBB,iShares Biotechnology ETF,1.0,XLV,Health Care Select Sector SPDR Fund,1.0,IBB,XLV
APO,"Apollo Global Management, Inc.",Financial Services,Asset Management,,,0.0,XLF,Financial Select Sector SPDR Fund,1.0,XLF,
APP,AppLovin Corporation,Communication Services,Advertising Agencies,,,0.0,XLC,Communication Services Select Sector SPDR Fund,1.0,XLC,
APPF,"AppFolio, Inc.",Technology,Software - Application,IGV,iShares Expanded Tech-Software Sector ETF,0.3333333333333333,XLK,Technology Select Sector SPDR Fund,1.0,IGV,XLK
APPN,Appian Corporation,Technology,Software - Infrastructure,IGV,iShares Expanded Tech-Software Sector ETF,0.3333333333333333,XLK,Technology Select Sector SPDR Fund,1.0,IGV,XLK
APTV,Aptiv PLC,Consumer Cyclical,Auto Parts,,,0.0,RSPD,Invesco S&P 500 Equal Weight Consumer Discretionary ETF,0.5,RSPD,
AQN,Algonquin Power & Utilities Corp.,Utilities,Utilities - Diversified,XLU,Utilities Select Sector SPDR Fund,1.0,XLU,Utilities Select Sector SPDR Fund,1.0,XLU,
AR,Antero Resources Corporation,Energy,Oil & Gas E&P,XOP,SPDR S&P Oil & Gas Exploration & Production ETF,0.42857142857142855,XLE,Energy Select Sector SPDR Fund,1.0,XOP,XLE
ARCB,ArcBest Corporation,Industrials,Trucking,,,0.0,XLI,Industrial Select Sector SPDR Fund,1.0,XLI,
ARCC,Ares Capital Corporation,Financial Services,Asset Management,,,0.0,XLF,Financial Select Sector SPDR Fund,1.0,XLF,
ARCO,Arcos Dorados Holdings Inc.,Consumer Cyclical,Restaurants,,,0.0,RSPD,Invesco S&P 500 Equal Weight Consumer Discretionary ETF,0.5,RSPD,
ARDT,"Ardent Health, Inc.",Healthcare,Medical Care Facilities,,,0.0,XLV,Health Care Select Sector SPDR Fund,1.0,XLV,
ARDX,"Ardelyx, Inc.",Healthcare,Biotechnology,IBB,iShares Biotechnology ETF,1.0,XLV,Health Care Select Sector SPDR Fund,1.0,IBB,XLV
ARE,"Alexandria Real Estate Equities, Inc.",Real Estate,REIT - Office,,,0.0,XLRE,Real Estate Select Sector SPDR Fund,1.0,XLRE,
ARES,Ares Management Corporation,Financial Services,Asset Management,,,0.0,XLF,Financial Select Sector SPDR Fund,1.0,XLF,
ARGX,argenx SE,Healthcare,Biotechnology,IBB,iShares Biotechnology ETF,1.0,XLV,Health Care Select Sector SPDR Fund,1.0,IBB,XLV
ARHS,"Arhaus, Inc.",Consumer Cyclical,Specialty Retail,XRT,SPDR S&P Retail ETF,0.25,RSPD,Invesco S&P 500 Equal Weight Consumer Discretionary ETF,0.5,XRT,RSPD
ARI,"Apollo Commercial Real Estate Finance, Inc.",Real Estate,REIT - Mortgage,,,0.0,XLRE,Real Estate Select Sector SPDR Fund,1.0,XLRE,
ARLO,"Arlo Technologies, Inc.",Industrials,Building Products & Equipment,,,0.0,XLI,Industrial Select Sector SPDR Fund,1.0,XLI,
ARLP,"Alliance Resource Partners, L.P.",Energy,Thermal Coal,,,0.0,XLE,Energy Select Sector SPDR Fund,1.0,XLE,
ARM,Arm Holdings plc,Technology,Semiconductors,SMH,VanEck Semiconductor ETF,1.0,XLK,Technology Select Sector SPDR Fund,1.0,SMH,XLK
ARMK,Aramark,Industrials,Specialty Business Services,,,0.0,XLI,Industrial Select Sector SPDR Fund,1.0,XLI,
ARMN,Aris Mining Corporation,Basic Materials,Gold,GLD,SPDR Gold Shares,0.5,XLB,Materials Select Sector SPDR Fund,0.5,GLD,XLB
AROC,"Archrock, Inc.",Energy,Oil & Gas Equipment & Services,XOP,SPDR S&P Oil & Gas Exploration & Production ETF,0.2857142857142857,XLE,Energy Select Sector SPDR Fund,1.0,XOP,XLE
ARQT,"Arcutis Biotherapeutics, Inc.",Healthcare,Biotechnology,IBB,iShares Biotechnology ETF,1.0,XLV,Health Care Select Sector SPDR Fund,1.0,IBB,XLV
ARR,"ARMOUR Residential REIT, Inc.",Real Estate,REIT - Mortgage,,,0.0,XLRE,Real Estate Select Sector SPDR Fund,1.0,XLRE,
ARRY,"Array Technologies, Inc.",Technology,Solar,,,0.0,XLK,Technology Select Sector SPDR Fund,1.0,XLK,
ARW,"Arrow Electronics, Inc.",Technology,Electronics & Computer Distribution,,,0.0,XLK,Technology Select Sector SPDR Fund,1.0,XLK,
ARWR,"Arrowhead Pharmaceuticals, Inc.",Healthcare,Biotechnology,IBB,iShares Biotechnology ETF,1.0,XLV,Health Care Select Sector SPDR Fund,1.0,IBB,XLV
ARX,Accelerant Holdings,Financial Services,Insurance Brokers,KIE,SPDR S&P Insurance ETF,0.25,XLF,Financial Select Sector SPDR Fund,1.0,KIE,XLF
AS,"Amer Sports, Inc.",Consumer Cyclical,Leisure,PEJ,Invesco Dynamic Leisure & Entertainment ETF,0.3333333333333333,RSPD,Invesco S&P 500 Equal Weight Consumer Discretionary ETF,0.5,PEJ,RSPD
ASA,ASA Gold and Precious Metals Limited,Financial Services,Asset Management,,,0.0,XLF,Financial Select Sector SPDR Fund,1.0,XLF,
ASAN,"Asana, Inc.",Technology,Software - Application,IGV,iShares Expanded Tech-Software Sector ETF,0.3333333333333333,XLK,Technology Select Sector SPDR Fund,1.0,IGV,XLK
ASB,Associated Banc-Corp,Financial Services,Banks - Regional,KBWB,Invesco KBW Bank ETF,0.3333333333333333,XLF,Financial Select Sector SPDR Fund,1.0,KBWB,XLF
ASGN,ASGN Incorporated,Technology,Information Technology Services,XLK,Technology Select Sector SPDR Fund,0.5,XLK,Technology Select Sector SPDR Fund,1.0,XLK,
ASH,Ashland Inc.,Basic Materials,Specialty Chemicals,,,0.0,XLB,Materials Select Sector SPDR Fund,0.5,XLB,
ASML,ASML Holding N.V.,Technology,Semiconductor Equipment & Materials,SMH,VanEck Semiconductor ETF,0.3333333333333333,XLK,Technology Select Sector SPDR Fund,1.0,SMH,XLK
ASND,Ascendis Pharma A/S,Healthcare,Biotechnology,IBB,iShares Biotechnology ETF,1.0,XLV,Health Care Select Sector SPDR Fund,1.0,IBB,XLV
ASO,"Academy Sports and Outdoors, Inc.",Consumer Cyclical,Specialty Retail,XRT,SPDR S&P Retail ETF,0.25,RSPD,Invesco S&P 500 Equal Weight Consumer Discretionary ETF,0.5,XRT,RSPD
ASR,"Grupo Aeroportuario del Sureste, S. A. B. de C. V.",Industrials,Airports & Air Services,,,0.0,XLI,Industrial Select Sector SPDR Fund,1.0,XLI,
ASTE,"Astec Industries, Inc.",Industrials,Farm & Heavy Construction Machinery,ITB,iShares U.S. Home Construction ETF,0.14285714285714285,XLI,Industrial Select Sector SPDR Fund,1.0,XLI,
ASTH,"Astrana Health, Inc.",Healthcare,Medical Care Facilities,,,0.0,XLV,Health Care Select Sector SPDR Fund,1.0,XLV,
ASTS,"AST SpaceMobile, Inc.",Technology,Communication Equipment,XLC,Communication Services Select Sector SPDR Fund,0.5,XLK,Technology Select Sector SPDR Fund,1.0,XLC,XLK
ASX,"ASE Technology Holding Co., Ltd.",Technology,Semiconductors,SMH,VanEck Semiconductor ETF,1.0,XLK,Technology Select Sector SPDR Fund,1.0,SMH,XLK
ATAI,Atai Beckley N.V.,Healthcare,Biotechnology,IBB,iShares Biotechnology ETF,1.0,XLV,Health Care Select Sector SPDR Fund,1.0,IBB,XLV
ATAT,Atour Lifestyle Holdings Limited,Consumer Cyclical,Lodging,,,0.0,RSPD,Invesco S&P 500 Equal Weight Consumer Discretionary ETF,0.5,RSPD,
ATEC,"Alphatec Holdings, Inc.",Healthcare,Medical Devices,,,0.0,XLV,Health Care Select Sector SPDR Fund,1.0,XLV,
ATEN,"A10 Networks, Inc.",Technology,Software - Infrastructure,IGV,iShares Expanded Tech-Software Sector ETF,0.3333333333333333,XLK,Technology Select Sector SPDR Fund,1.0,IGV,XLK
ATGE,Adtalem Global Education Inc.,Consumer Defensive,Education & Training Services,,,0.0,XLP,Consumer Staples Select Sector SPDR Fund,1.0,XLP,
ATHM,Autohome Inc.,Communication Services,Internet Content & Information,,,0.0,XLC,Communication Services Select Sector SPDR Fund,1.0,XLC,
ATI,ATI Inc.,Industrials,Metal Fabrication,,,0.0,XLI,Industrial Select Sector SPDR Fund,1.0,XLI,
ATKR,Atkore Inc.,Industrials,Electrical Equipment & Parts,,,0.0,XLI,Industrial Select Sector SPDR Fund,1.0,XLI,
ATMU,Atmus Filtration Technologies Inc.,Consumer Cyclical,Auto Parts,,,0.0,RSPD,Invesco S&P 500 Equal Weight Consumer Discretionary ETF,0.5,RSPD,
ATO,Atmos Energy Corporation,Utilities,Utilities - Regulated Gas,XLU,Utilities Select Sector SPDR Fund,0.3333333333333333,XLU,Utilities Select Sector SPDR Fund,1.0,XLU,
ATR,"AptarGroup, Inc.",Healthcare,Medical Instruments & Supplies,,,0.0,XLV,Health Care Select Sector SPDR Fund,1.0,XLV,
ATRC,"AtriCure, Inc.",Healthcare,Medical Instruments & Supplies,,,0.0,XLV,Health Care Select Sector SPDR Fund,1.0,XLV,
ATRO,Astronics Corporation,Industrials,Aerospace & Defense,ITA,iShares U.S. Aerospace & Defense ETF,0.5,XLI,Industrial Select Sector SPDR Fund,1.0,ITA,XLI
ATS,ATS Corporation,Industrials,Specialty Industrial Machinery,XLI,Industrial Select Sector SPDR Fund,0.3333333333333333,XLI,Industrial Select Sector SPDR Fund,1.0,XLI,
AU,AngloGold Ashanti plc,Basic Materials,Gold,GLD,SPDR Gold Shares,0.5,XLB,Materials Select Sector SPDR Fund,0.5,GLD,XLB
AUB,Atlantic Union Bankshares Corporation,Financial Services,Banks - Regional,KBWB,Invesco KBW Bank ETF,0.3333333333333333,XLF,Financial Select Sector SPDR Fund,1.0,KBWB,XLF
AUGO,Aura Minerals Inc.,Basic Materials,Gold,GLD,SPDR Gold Shares,0.5,XLB,Materials Select Sector SPDR Fund,0.5,GLD,XLB
AUPH,Aurinia Pharmaceuticals Inc.,Healthcare,Biotechnology,IBB,iShares Biotechnology ETF,1.0,XLV,Health Care Select Sector SPDR Fund,1.0,IBB,XLV
AUR,"Aurora Innovation, Inc.",Technology,Information Technology Services,XLK,Technology Select Sector SPDR Fund,0.5,XLK,Technology Select Sector SPDR Fund,1.0,XLK,
AVA,Avista Corporation,Utilities,Utilities - Diversified,XLU,Utilities Select Sector SPDR Fund,1.0,XLU,Utilities Select Sector SPDR Fund,1.0,XLU,
AVAH,Aveanna Healthcare Holdings Inc.,Healthcare,Medical Care Facilities,,,0.0,XLV,Health Care Select Sector SPDR Fund,1.0,XLV,
AVAV,"AeroVironment, Inc.",Industrials,Aerospace & Defense,ITA,iShares U.S. Aerospace & Defense ETF,0.5,XLI,Industrial Select Sector SPDR Fund,1.0,ITA,XLI
AVB,"AvalonBay Communities, Inc.",Real Estate,REIT - Residential,,,0.0,XLRE,Real Estate Select Sector SPDR Fund,1.0,XLRE,
AVBP,"ArriVent BioPharma, Inc.",Healthcare,Biotechnology,IBB,iShares Biotechnology ETF,1.0,XLV,Health Care Select Sector SPDR Fund,1.0,IBB,XLV
AVDL,Avadel Pharmaceuticals plc,Healthcare,Drug Manufacturers - Specialty & Generic,,,0.0,XLV,Health Care Select Sector SPDR Fund,1.0,XLV,
AVGO,Broadcom Inc.,Technology,Semiconductors,SMH,VanEck Semiconductor ETF,1.0,XLK,Technology Select Sector SPDR Fund,1.0,SMH,XLK
AVNT,Avient Corporation,Basic Materials,Specialty Chemicals,,,0.0,XLB,Materials Select Sector SPDR Fund,0.5,XLB,
AVPT,"AvePoint, Inc.",Technology,Software - Infrastructure,IGV,iShares Expanded Tech-Software Sector ETF,0.3333333333333333,XLK,Technology Select Sector SPDR Fund,1.0,IGV,XLK
AVT,"Avnet, Inc.",Technology,Electronics & Computer Distribution,,,0.0,XLK,Technology Select Sector SPDR Fund,1.0,XLK,
AVTR,"Avantor, Inc.",Healthcare,Medical Instruments & Supplies,,,0.0,XLV,Health Care Select Sector SPDR Fund,1.0,XLV,
AVY,Avery Dennison Corporation,Consumer Cyclical,Packaging & Containers,,,0.0,RSPD,Invesco S&P 500 Equal Weight Consumer Discretionary ETF,0.5,RSPD,
AWI,"Armstrong World Industries, Inc.",Industrials,Building Products & Equipment,,,0.0,XLI,Industrial Select Sector SPDR Fund,1.0,XLI,
AWK,"American Water Works Company, Inc.",Utilities,Utilities - Regulated Water,XLU,Utilities Select Sector SPDR Fund,0.3333333333333333,XLU,Utilities Select Sector SPDR Fund,1.0,XLU,
AWR,American States Water Company,Utilities,Utilities - Regulated Water,XLU,Utilities Select Sector SPDR Fund,0.3333333333333333,XLU,Utilities Select Sector SPDR Fund,1.0,XLU,
AX,"Axos Financial, Inc.",Financial Services,Banks - Regional,KBWB,Invesco KBW Bank ETF,0.3333333333333333,XLF,Financial Select Sector SPDR Fund,1.0,KBWB,XLF
AXGN,"Axogen, Inc.",Healthcare,Medical Devices,,,0.0,XLV,Health Care Select Sector SPDR Fund,1.0,XLV,
AXON,"Axon Enterprise, Inc.",Industrials,Aerospace & Defense,ITA,iShares U.S. Aerospace & Defense ETF,0.5,XLI,Industrial Select Sector SPDR Fund,1.0,ITA,XLI
AXP,American Express Company,Financial Services,Credit Services,,,0.0,XLF,Financial Select Sector SPDR Fund,1.0,XLF,
AXS,AXIS Capital Holdings Limited,Financial Services,Insurance - Specialty,KIE,SPDR S&P Insurance ETF,0.25,XLF,Financial Select Sector SPDR Fund,1.0,KIE,XLF
AXSM,"Axsome Therapeutics, Inc.",Healthcare,Biotechnology,IBB,iShares Biotechnology ETF,1.0,XLV,Health Care Select Sector SPDR Fund,1.0,IBB,XLV
AXTA,Axalta Coating Systems Ltd.,Basic Materials,Specialty Chemicals,,,0.0,XLB,Materials Select Sector SPDR Fund,0.5,XLB,
AYI,Acuity Inc.,Industrials,Electrical Equipment & Parts,,,0.0,XLI,Industrial Select Sector SPDR Fund,1.0,XLI,
AZN,AstraZeneca PLC,Healthcare,Drug Manufacturers - General,,,0.0,XLV,Health Care Select Sector SPDR Fund,1.0,XLV,
AZO,"AutoZone, Inc.",Consumer Cyclical,Auto Parts,,,0.0,RSPD,Invesco S&P 500 Equal Weight Consumer Discretionary ETF,0.5,RSPD,
AZTA,"Azenta, Inc.",Healthcare,Medical Instruments & Supplies,,,0.0,XLV,Health Care Select Sector SPDR Fund,1.0,XLV,
AZZ,AZZ Inc.,Industrials,Specialty Business Services,,,0.0,XLI,Industrial Select Sector SPDR Fund,1.0,XLI,
B,Barrick Mining Corporation,Basic Materials,Gold,GLD,SPDR Gold Shares,0.5,XLB,Materials Select Sector SPDR Fund,0.5,GLD,XLB
BA,The Boeing Company,Industrials,Aerospace & Defense,ITA,iShares U.S. Aerospace & Defense ETF,0.5,XLI,Industrial Select Sector SPDR Fund,1.0,ITA,XLI
BABA,Alibaba Group Holding Limited,Consumer Cyclical,Internet Retail,XRT,SPDR S&P Retail ETF,0.25,RSPD,Invesco S&P 500 Equal Weight Consumer Discretionary ETF,0.5,XRT,RSPD
BAC,Bank of America Corporation,Financial Services,Banks - Diversified,KBWB,Invesco KBW Bank ETF,0.5,XLF,Financial Select Sector SPDR Fund,1.0,KBWB,XLF
BAH,Booz Allen Hamilton Holding Corporation,Industrials,Consulting Services,,,0.0,XLI,Industrial Select Sector SPDR Fund,1.0,XLI,
BALL,Ball Corporation,Consumer Cyclical,Packaging & Containers,,,0.0,RSPD,Invesco S&P 500 Equal Weight Consumer Discretionary ETF,0.5,RSPD,
BAM,Brookfield Asset Management Ltd.,Financial Services,Asset Management,,,0.0,XLF,Financial Select Sector SPDR Fund,1.0,XLF,
BANC,"Banc of California, Inc.",Financial Services,Banks - Regional,KBWB,Invesco KBW Bank ETF,0.3333333333333333,XLF,Financial Select Sector SPDR Fund,1.0,KBWB,XLF
BANF,BancFirst Corporation,Financial Services,Banks - Regional,KBWB,Invesco KBW Bank ETF,0.3333333333333333,XLF,Financial Select Sector SPDR Fund,1.0,KBWB,XLF
BANR,Banner Corporation,Financial Services,Banks - Regional,KBWB,Invesco KBW Bank ETF,0.3333333333333333,XLF,Financial Select Sector SPDR Fund,1.0,KBWB,XLF
BAP,Credicorp Ltd.,Financial Services,Banks - Regional,KBWB,Invesco KBW Bank ETF,0.3333333333333333,XLF,Financial Select Sector SPDR Fund,1.0,KBWB,XLF
BATRA,"Atlanta Braves Holdings, Inc.",Communication Services,Entertainment,PEJ,Invesco Dynamic Leisure & Entertainment ETF,0.3333333333333333,XLC,Communication Services Select Sector SPDR Fund,1.0,PEJ,XLC
BATRK,"Atlanta Braves Holdings, Inc.",Communication Services,Entertainment,PEJ,Invesco Dynamic Leisure & Entertainment ETF,0.3333333333333333,XLC,Communication Services Select Sector SPDR Fund,1.0,PEJ,XLC
BAX,Baxter International Inc.,Healthcare,Medical Instruments & Supplies,,,0.0,XLV,Health Care Select Sector SPDR Fund,1.0,XLV,
BB,BlackBerry Limited,Technology,Software - Infrastructure,IGV,iShares Expanded Tech-Software Sector ETF,0.3333333333333333,XLK,Technology Select Sector SPDR Fund,1.0,IGV,XLK
BBAI,"BigBear.ai Holdings, Inc.",Technology,Information Technology Services,XLK,Technology Select Sector SPDR Fund,0.5,XLK,Technology Select Sector SPDR Fund,1.0,XLK,
BBAR,Banco BBVA Argentina S.A.,Financial Services,Banks - Regional,KBWB,Invesco KBW Bank ETF,0.3333333333333333,XLF,Financial Select Sector SPDR Fund,1.0,KBWB,XLF
BBD,Banco Bradesco S.A.,Financial Services,Banks - Regional,KBWB,Invesco KBW Bank ETF,0.3333333333333333,XLF,Financial Select Sector SPDR Fund,1.0,KBWB,XLF
BBIO,"BridgeBio Pharma, Inc.",Healthcare,Biotechnology,IBB,iShares Biotechnology ETF,1.0,XLV,Health Care Select Sector SPDR Fund,1.0,IBB,XLV
BBNX,"Beta Bionics, Inc.",Healthcare,Medical Devices,,,0.0,XLV,Health Care Select Sector SPDR Fund,1.0,XLV,
BBT,Beacon Financial Corporation,Financial Services,Banks - Regional,KBWB,Invesco KBW Bank ETF,0.3333333333333333,XLF,Financial Select Sector SPDR Fund,1.0,KBWB,XLF
BBU,Brookfield Business Partners L.P.,Industrials,Conglomerates,,,0.0,XLI,Industrial Select Sector SPDR Fund,1.0,XLI,
BBUC,Brookfield Business Corporation,Financial Services,Asset Management,,,0.0,XLF,Financial Select Sector SPDR Fund,1.0,XLF,
BBVA,"Banco Bilbao Vizcaya Argentaria, S.A.",Financial Services,Banks - Diversified,KBWB,Invesco KBW Bank ETF,0.5,XLF,Financial Select Sector SPDR Fund,1.0,KBWB,XLF
BBWI,"Bath & Body Works, Inc.",Consumer Cyclical,Specialty Retail,XRT,SPDR S&P Retail ETF,0.25,RSPD,Invesco S&P 500 Equal Weight Consumer Discretionary ETF,0.5,XRT,RSPD
BBY,"Best Buy Co., Inc.",Consumer Cyclical,Specialty Retail,XRT,SPDR S&P Retail ETF,0.25,RSPD,Invesco S&P 500 Equal Weight Consumer Discretionary ETF,0.5,XRT,RSPD
BC,Brunswick Corporation,Consumer Cyclical,Recreational Vehicles,,,0.0,RSPD,Invesco S&P 500 Equal Weight Consumer Discretionary ETF,0.5,RSPD,
BCAX,Bicara Therapeutics Inc.,Healthcare,Biotechnology,IBB,iShares Biotechnology ETF,1.0,XLV,Health Care Select Sector SPDR Fund,1.0,IBB,XLV
BCC,Boise Cascade Company,Basic Materials,Lumber & Wood Production,XOP,SPDR S&P Oil & Gas Exploration & Production ETF,0.125,XLB,Materials Select Sector SPDR Fund,0.5,XLB,
BCE,BCE Inc.,Communication Services,Telecom Services,,,0.0,XLC,Communication Services Select Sector SPDR Fund,1.0,XLC,
BCH,Banco de Chile,Financial Services,Banks - Regional,KBWB,Invesco KBW Bank ETF,0.3333333333333333,XLF,Financial Select Sector SPDR Fund,1.0,KBWB,XLF
BCO,The Brink's Company,Industrials,Security & Protection Services,,,0.0,XLI,Industrial Select Sector SPDR Fund,1.0,XLI,
BCPC,Balchem Corporation,Basic Materials,Specialty Chemicals,,,0.0,XLB,Materials Select Sector SPDR Fund,0.5,XLB,
BCRX,"BioCryst Pharmaceuticals, Inc.",Healthcare,Drug Manufacturers - Specialty & Generic,,,0.0,XLV,Health Care Select Sector SPDR Fund,1.0,XLV,
BCS,Barclays PLC,Financial Services,Banks - Diversified,KBWB,Invesco KBW Bank ETF,0.5,XLF,Financial Select Sector SPDR Fund,1.0,KBWB,XLF
BDC,Belden Inc.,Technology,Communication Equipment,XLC,Communication Services Select Sector SPDR Fund,0.5,XLK,Technology Select Sector SPDR Fund,1.0,XLC,XLK
BDX,"Becton, Dickinson and Company",Healthcare,Medical Instruments & Supplies,,,0.0,XLV,Health Care Select Sector SPDR Fund,1.0,XLV,
BE,Bloom Energy Corporation,Industrials,Electrical Equipment & Parts,,,0.0,XLI,Industrial Select Sector SPDR Fund,1.0,XLI,
BEAM,Beam Therapeutics Inc.,Healthcare,Biotechnology,IBB,iShares Biotechnology ETF,1.0,XLV,Health Care Select Sector SPDR Fund,1.0,IBB,XLV
BEKE,KE Holdings Inc.,Real Estate,Real Estate Services,XLRE,Real Estate Select Sector SPDR Fund,1.0,XLRE,Real Estate Select Sector SPDR Fund,1.0,XLRE,
BELFB,Bel Fuse Inc.,Technology,Electronic Components,,,0.0,XLK,Technology Select Sector SPDR Fund,1.0,XLK,
BEN,"Franklin Resources, Inc.",Financial Services,Asset Management,,,0.0,XLF,Financial Select Sector SPDR Fund,1.0,XLF,
BEP,Brookfield Renewable Partners L.P.,Utilities,Utilities - Renewable,XLU,Utilities Select Sector SPDR Fund,0.5,XLU,Utilities Select Sector SPDR Fund,1.0,XLU,
BEPC,Brookfield Renewable Corporation,Utilities,Utilities - Renewable,XLU,Utilities Select Sector SPDR Fund,0.5,XLU,Utilities Select Sector SPDR Fund,1.0,XLU,
BETA,"BETA Technologies, Inc.",Industrials,Aerospace & Defense,ITA,iShares U.S. Aerospace & Defense ETF,0.5,XLI,Industrial Select Sector SPDR Fund,1.0,ITA,XLI
BFAM,Bright Horizons Family Solutions Inc.,Consumer Cyclical,Personal Services,,,0.0,RSPD,Invesco S&P 500 Equal Weight Consumer Discretionary ETF,0.5,RSPD,
BFH,"Bread Financial Holdings, Inc.",Financial Services,Credit Services,,,0.0,XLF,Financial Select Sector SPDR Fund,1.0,XLF,
BFS,"Saul Centers, Inc.",Real Estate,REIT - Retail,XRT,SPDR S&P Retail ETF,0.25,XLRE,Real Estate Select Sector SPDR Fund,1.0,XRT,XLRE
BG,Bunge Global SA,Consumer Defensive,Farm Products,,,0.0,XLP,Consumer Staples Select Sector SPDR Fund,1.0,XLP,
BGC,"BGC Group, Inc.",Financial Services,Capital Markets,KCE,SPDR S&P Capital Markets ETF,0.5,XLF,Financial Select Sector SPDR Fund,1.0,KCE,XLF
